{
  "$schema": "https://schema.management.azure.com/schemas/2015-01-01/deploymentTemplate.json#",
  "contentVersion": "1.0.0.0",
  "parameters": {
    "destinationServicePrincipalAadId": {
      "type": "string",
      "metadata": {
        "description": "The AAD object Id of the service principal that needs to access the destination Data Lake store."
      }
    },
    "destinationServicePrincipalId": {
      "type": "string",
      "metadata": {
        "description": "The id of the service principal that has access to the destination Data Lake store."
      }
    },
    "destinationServicePrincipalKey": {
      "type": "string",
      "metadata": {
        "description": "The key of the service principal that has access to the destination Data Lake store."
      }
    },
    "userId": {
      "type": "string",
      "metadata": {
        "description": "The Object Id of the user installing the app."
      }
    },
    "webSiteName": {
      "type": "string"
    },
    "triggerStartTime": {
      "type": "string",
      "metadata": {
        "description": "The time when the trigger will first start to run the pipeline. Everything prior to this time will be backfilled."
      }
    }
  },
  "variables": {
    "dataFactoryName": "[concat('myadf', uniqueString(resourceGroup().id))]",
    "destinationAdlsAccountName": "[concat('myadls', uniqueString(resourceGroup().id))]",
    "integrationRuntimeName": "[concat('myir', uniqueString(resourceGroup().id))]",
    "sourceLinkedServiceName": "SourceO365LinkedService",
    "destinationLinkedServiceName": "DestinationADLSLinkedService",
    "inputEventDatasetName": "O365InputEventDataset",
    "inputMessageDatasetName": "O365InputMessageDataset",
    "outputEventDatasetName": "ADLSOutputEventDataset",
    "outputMessageDatasetName": "ADLSOutputMessageDataset",
    "pipelineName": "euclidpipeline",
    "triggerName": "pipelineTrigger",
    "o365DataDiscoveryServiceUrl": "https://52.165.130.25/DiscoveryService/DataPreparationJob",
    "webSiteName": "[parameters('webSiteName')]",
    "backfillnumberofdays": 30,
    "isBackfill": "[concat('bool(equals(trigger().outputs.windowStartTime,''', parameters('triggerStartTime'),'''))')]",
    "backfillDays": "[sub(0, variables('backfillnumberofdays'))]",
    "backfillStart": "[concat('formatDateTime(adddays(trigger().outputs.windowStartTime,', variables('backfillDays'),', ''yyyy-MM-ddTHH:mm:ss.fffffffzzz''),''yyyy-MM-ddTHH:mm:ssZ'')')]",
    "backfillEnd": "formatDateTime(adddays(trigger().outputs.windowStartTime, 0,'yyyy-MM-ddTHH:mm:ss.fffffffzzz'),'yyyy-MM-ddTHH:mm:ssZ')",
    "incrementalStart": "formatDateTime(adddays(trigger().outputs.windowStartTime, -1,'yyyy-MM-ddTHH:mm:ss.fffffffzzz'),'yyyy-MM-ddTHH:mm:ssZ')",
    "incrementalEnd": "formatDateTime(adddays(trigger().outputs.windowEndTime, -1,'yyyy-MM-ddTHH:mm:ss.fffffffzzz'))",
    "windowStart": "[concat('@if(', variables('isBackfill'), ',',variables('backfillStart'), ',',variables('incrementalStart'),')')]",
    "windowEnd": "@formatDateTime(adddays(trigger().outputs.windowEndTime, -1,'yyyy-MM-ddTHH:mm:ss.fffffffzzz'),'yyyy-MM-ddTHH:mm:ssZ')",
    "hostingPlanName": "Free",
    "skuCapacity": "1",
    "skuName": "F1",
    "aadInstance": "https://login.microsoftonline.com/",
    "artifacts": {
      "webAppRemote": "https://euclidsamplestorage.blob.core.windows.net/webappcontainer/WhoKnowWho.zip"
    },
    "outputDataLakeStore": {
      "path": "targetFolder",
      "messagePath": "targetFolder/Message",
      "eventPath": "targetFolder/Event"
    }
  },
  "resources": [
    {
      "type": "Microsoft.DataLakeStore/accounts",
      "name": "[variables('destinationAdlsAccountName')]",
      "comments": "Creates the destination Data Lake store in the customer's subscription used in the ADF pipeline for the data output.",
      "location": "[resourceGroup().location]",
      "apiVersion": "2016-11-01",
      "properties": {
        "initialUser": "[parameters('destinationServicePrincipalAadId')]",
        "newTier": "Consumption",
        "encryptionState": "Enabled",
        "encryptionConfig": {
          "type": "ServiceManaged"
        }
      }
    },
    {
      "name": "[variables('dataFactoryName')]",
      "apiVersion": "2017-09-01-preview",
      "type": "Microsoft.DataFactory/factories",
      "comments": "Creates the ADF pipeline that copies data from O365 to the newly created destination ADLS.",
      "dependsOn": [
        "[resourceId('Microsoft.DataLakeStore/accounts/', variables('destinationAdlsAccountName'))]"
      ],
      "location": "[resourceGroup().location]",
      "resources": [
        {
          "name": "[variables('integrationRuntimeName')]",
          "type": "integrationRuntimes",
          "apiVersion": "2017-09-01-preview",
          "properties": {
            "type": "Managed",
            "typeProperties": {
              "computeProperties": {
                "location": "[resourceGroup().location]"
              }
            }
          },
          "dependsOn": [
            "[variables('dataFactoryName')]"
          ]
        },
        {
          "type": "linkedservices",
          "name": "[variables('sourceLinkedServiceName')]",
          "comments": "Creates the link to O365 which is used as the source of the data extraction. Using service principal supplied by the source ADLS owner.",
          "dependsOn": [
            "[variables('dataFactoryName')]"
          ],
          "apiVersion": "2017-09-01-preview",
          "properties": {
            "type": "Office365",
            "description": "Source O365 linked service",
            "typeProperties": {
              "office365tenantId": "[subscription().tenantId]",
              "o365DataDiscoveryServiceUrl": "[variables('o365DataDiscoveryServiceUrl')]",
              "PrivacyPolicyUri": "http://www.wkw.com/privacy",
              "TermsOfUseUri": "http://www.wkw.com/tos",
              "office365SubscriptionId": "00000000-0000-0000-0000-000000000000",
              "servicePrincipalId": "00000000-0000-0000-0000-000000000000",
              "servicePrincipalKey": {
                "type": "SecureString",
                "value": "A/sGehNSNIdxr9ZdMADbEfL1tD93U2RtwCohKy67QI4="
              },
              "userId": "[parameters('userId')]",
              "tenant": "[subscription().tenantId]"
            }
          }
        },
        {
          "type": "linkedservices",
          "name": "[variables('destinationLinkedServiceName')]",
          "comments": "Creates the link to the newly created destination ADLS, using service principal supplied by the customer deploying this template.",
          "dependsOn": [
            "[variables('dataFactoryName')]",
            "[variables('integrationRuntimeName')]"
          ],
          "apiVersion": "2017-09-01-preview",
          "properties": {
            "type": "AzureDataLakeStore",
            "description": "Destination Azure Data Lake Store linked service",
            "typeProperties": {
              "dataLakeStoreUri": "[concat('adl://', reference(resourceId('Microsoft.DataLakeStore/accounts', variables('destinationAdlsAccountName'))).endpoint)]",
              "servicePrincipalId": "[parameters('destinationServicePrincipalId')]",
              "servicePrincipalKey": {
                "type": "SecureString",
                "value": "[parameters('destinationServicePrincipalKey')]"
              },
              "tenant": "[subscription().tenantId]",
              "resourceGroupName": "[resourceGroup().name]",
              "subscriptionId": "[subscription().subscriptionId]",
              "connectVia": {
                "referenceName": "[variables('integrationRuntimeName')]",
                "type": "IntegrationRuntimeReference"
              }
            }
          }
        },
        {
          "type": "datasets",
          "name": "[variables('inputMessageDatasetName')]",
          "dependsOn": [
            "[variables('dataFactoryName')]",
            "[variables('sourceLinkedServiceName')]"
          ],
          "apiVersion": "2017-09-01-preview",
          "properties": {
            "published": false,
            "type": "Office365Table",
            "linkedServiceName": {
              "referenceName": "[variables('sourceLinkedServiceName')]",
              "type": "LinkedServiceReference"
            },
            "structure": [
              {
                "name": "Subject",
                "type": "string"
              },
              {
                "name": "HasAttachments",
                "type": "boolean"
              },
              {
                "name": "SentDateTime",
                "type": "datetime"
              },
              {
                "name": "ReceivedDateTime",
                "type": "datetime"
              },
              {
                "name": "Sender",
                "type": "string"
              },
              {
                "name": "From",
                "type": "string"
              },
              {
                "name": "ToRecipients",
                "type": "string"
              },
              {
                "name": "CcRecipients",
                "type": "string"
              },
              {
                "name": "BccRecipients",
                "type": "string"
              },
              {
                "name": "ConversationId",
                "type": "string"
              }
            ],
            "typeProperties": {
              "tableName": "BasicDataSet_v0.Message_v0",
              "predicate": {
                "type": "Expression",
                "value": "SentDateTime > @{dataset().windowStart} AND SentDateTime  <= @{dataset().windowEnd}"
              }
            },
            "parameters": {
              "windowStart": {
                "type": "String"
              },
              "windowEnd": {
                "type": "String"
              }
            }
          }
        },
        {
          "type": "datasets",
          "name": "[variables('inputEventDatasetName')]",
          "dependsOn": [
            "[variables('dataFactoryName')]",
            "[variables('sourceLinkedServiceName')]"
          ],
          "apiVersion": "2017-09-01-preview",
          "properties": {
            "published": false,
            "type": "Office365Table",
            "linkedServiceName": {
              "referenceName": "[variables('sourceLinkedServiceName')]",
              "type": "LinkedServiceReference"
            },
            "structure": [
              {
                "name": "Subject",
                "type": "string"
              },
              {
                "name": "HasAttachments",
                "type": "boolean"
              },
              {
                "name": "End",
                "type": "string"
              },
              {
                "name": "Start",
                "type": "string"
              },
              {
                "name": "ResponseStatus",
                "type": "string"
              },
              {
                "name": "Organizer",
                "type": "string"
              },
              {
                "name": "Attendees",
                "type": "string"
              },
              {
                "name": "Importance",
                "type": "string"
              },
              {
                "name": "Sensitivity",
                "type": "string"
              },
              {
                "name": "Recurrence",
                "type": "string"
              },
              {
                "name": "WebLink",
                "type": "string"
              }
            ],
            "typeProperties": {
              "tableName": "BasicDataSet_v0.Event_v0",
              "predicate": {
                "type": "Expression",
                "value": "CreatedDateTime >= @{dataset().windowStart} AND CreatedDateTime  < @{dataset().windowEnd}"
              }
            },
            "parameters": {
              "windowStart": {
                "type": "String"
              },
              "windowEnd": {
                "type": "String"
              }
            }
          }
        },
        {
          "type": "datasets",
          "name": "[variables('outputMessageDatasetName')]",
          "dependsOn": [
            "[variables('dataFactoryName')]",
            "[variables('destinationLinkedServiceName')]"
          ],
          "apiVersion": "2017-09-01-preview",
          "properties": {
            "published": false,
            "type": "AzureDataLakeStoreFile",
            "linkedServiceName": {
              "referenceName": "[variables('destinationLinkedServiceName')]",
              "type": "LinkedServiceReference"
            },
            "typeProperties": {
              "folderPath": "[variables('outputDataLakeStore').messagePath]"
            }
          }
        },
        {
          "type": "datasets",
          "name": "[variables('outputEventDatasetName')]",
          "dependsOn": [
            "[variables('dataFactoryName')]",
            "[variables('destinationLinkedServiceName')]"
          ],
          "apiVersion": "2017-09-01-preview",
          "properties": {
            "published": false,
            "type": "AzureDataLakeStoreFile",
            "linkedServiceName": {
              "referenceName": "[variables('destinationLinkedServiceName')]",
              "type": "LinkedServiceReference"
            },
            "typeProperties": {
              "folderPath": "[variables('outputDataLakeStore').eventPath]"
            }
          }
        },
        {
          "type": "pipelines",
          "name": "[variables('pipelineName')]",
          "dependsOn": [
            "[variables('dataFactoryName')]",
            "[variables('sourceLinkedServiceName')]",
            "[variables('destinationLinkedServiceName')]",
            "[variables('inputMessageDatasetName')]",
            "[variables('outputMessageDatasetName')]",
            "[variables('inputEventDatasetName')]",
            "[variables('outputEventDatasetName')]"
          ],
          "apiVersion": "2017-09-01-preview",
          "properties": {
            "parameters": {
              "windowStart": {
                "type": "String"
              },
              "windowEnd": {
                "type": "String"
              }
            },
            "activities": [
              {
                "name": "CopyMessageFromO365ToAzureDLS",
                "description": "Copy message data from O365 to Azure Data Lake Store",
                "type": "Copy",
                "inputs": [
                  {
                    "referenceName": "[variables('inputMessageDatasetName')]",
                    "type": "DatasetReference",
                    "parameters": {
                      "windowStart": {
                        "value": "@pipeline().parameters.windowStart",
                        "type": "Expression"
                      },
                      "windowEnd": {
                        "value": "@pipeline().parameters.windowEnd",
                        "type": "Expression"
                      }
                    }
                  }
                ],
                "outputs": [
                  {
                    "referenceName": "[variables('outputMessageDatasetName')]",
                    "type": "DatasetReference"
                  }
                ],
                "typeProperties": {
                  "source": {
                    "type": "Office365Source"
                  },
                  "sink": {
                    "type": "AzureDataLakeStoreSink"
                  }
                }
              },
              {
                "name": "CopyEventFromO365ToAzureDLS",
                "description": "Copy event data from O365 to Azure Data Lake Store",
                "type": "Copy",
                "inputs": [
                  {
                    "referenceName": "[variables('inputEventDatasetName')]",
                    "type": "DatasetReference",
                    "parameters": {
                      "windowStart": {
                        "value": "@pipeline().parameters.windowStart",
                        "type": "Expression"
                      },
                      "windowEnd": {
                        "value": "@pipeline().parameters.windowEnd",
                        "type": "Expression"
                      }
                    }
                  }
                ],
                "outputs": [
                  {
                    "referenceName": "[variables('outputEventDatasetName')]",
                    "type": "DatasetReference"
                  }
                ],
                "typeProperties": {
                  "source": {
                    "type": "Office365Source"
                  },
                  "sink": {
                    "type": "AzureDataLakeStoreSink"
                  }
                }
              }
            ]
          }
        },
        {
          "type": "triggers",
          "name": "[variables('triggerName')]",
          "dependsOn": [
            "[variables('dataFactoryName')]",
            "[variables('sourceLinkedServiceName')]",
            "[variables('destinationLinkedServiceName')]",
            "[variables('inputMessageDatasetName')]",
            "[variables('outputMessageDatasetName')]",
            "[variables('inputEventDatasetName')]",
            "[variables('outputEventDatasetName')]",
            "[variables('pipelineName')]"
          ],
          "apiVersion": "2017-09-01-preview",
          "properties": {
            "type": "TumblingWindowTrigger",
            "typeProperties": {
              "frequency": "Hour",
              "interval": 24,
              "startTime": "[parameters('triggerStartTime')]",
              "delay": "00:00:01",
              "retryPolicy": {
                "count": 2,
                "intervalInSeconds": 30
              },
              "maxConcurrency": 10
            },
            "pipeline": {
              "pipelineReference": {
                "type": "PipelineReference",
                "referenceName": "[variables('pipelineName')]"
              },
              "parameters": {
                "windowStart": "[variables('windowStart')]",
                "windowEnd": "[variables('windowEnd')]"
              }
            },
            "resources": [
              {
                "apiVersion": "2017-09-01-preview",
                "dependsOn": [
                  "[variables('triggerName')]"
                ],
                "name": "start",
                "properties": {},
                "type": "status"
              }
            ]
          }
        }
      ]
    },
    {
      "apiVersion": "2015-08-01",
      "name": "[variables('hostingPlanName')]",
      "type": "Microsoft.Web/serverfarms",
      "location": "[resourceGroup().location]",
      "tags": {
        "displayName": "HostingPlan"
      },
      "sku": {
        "name": "[variables('skuName')]",
        "capacity": "[int(variables('skuCapacity'))]"
      },
      "properties": {
        "name": "[variables('hostingPlanName')]"
      }
    },
    {
      "apiVersion": "2015-08-01",
      "name": "[variables('webSiteName')]",
      "type": "Microsoft.Web/sites",
      "comments": "Creates the web app that uses data stored in the newly created target ADLS.",
      "location": "[resourceGroup().location]",
      "tags": {
        "[concat('hidden-related:', resourceGroup().id, '/providers/Microsoft.Web/serverfarms/', variables('hostingPlanName'))]": "Resource",
        "displayName": "Website"
      },
      "dependsOn": [
        "[resourceId('Microsoft.Web/serverfarms/', variables('hostingPlanName'))]"
      ],
      "properties": {
        "name": "[variables('webSiteName')]",
        "serverFarmId": "[resourceId('Microsoft.Web/serverfarms', variables('hostingPlanName'))]"
      },
      "resources": [
        {
          "name": "MSDeploy",
          "type": "extensions",
          "comments": "Creates the web app deployment.",
          "location": "[resourceGroup().location]",
          "apiVersion": "2015-08-01",
          "dependsOn": [
            "[resourceId('Microsoft.Web/sites', variables('webSiteName'))]"
          ],
          "tags": {
            "displayName": "WKWWebAppDeployment"
          },
          "properties": {
            "packageUri": "[variables('artifacts').webAppRemote]",
            "dbType": "None",
            "setParameters": {
              "IIS Web Application Name": "[variables('webSiteName')]"
            }
          }
        },
        {
          "name": "appsettings",
          "type": "config",
          "comments": "Creates app setting overrides for the web app.",
          "apiVersion": "2015-08-01",
          "dependsOn": [
            "[resourceId('Microsoft.Web/sites', variables('webSiteName'))]",
            "[concat('Microsoft.Web/Sites/', variables('webSiteName'), '/Extensions/MSDeploy')]"
          ],
          "tags": {
            "displayName": "AppSettingsConfiguration"
          },
          "properties": {
            "arm:TenantId": "[subscription().tenantId]",
            "arm:ClientId": "[parameters('destinationServicePrincipalId')]",
            "arm:PostLogoutRedirectUri": "[concat('https://', variables('webSiteName'), '.azurewebsites.net/')]",
            "arm:AADInstance": "[variables('aadInstance')]",
            "arm:SubscriptionId": "[subscription().subscriptionId]",
            "arm:ManagedResourceGroupName": "[resourceGroup().name]",
            "arm:DataFactoryName": "[variables('dataFactoryName')]",
            "arm:PipelineName": "[variables('pipelineName')]",
            "arm:ClientSecret": "[parameters('destinationServicePrincipalKey')]",
            "arm:AccountName": "[variables('destinationAdlsAccountName')]",
            "arm:Path": "[variables('outputDataLakeStore').path]"
          }
        }
      ]
    },
    {
      "apiVersion": "2014-04-01",
      "name": "[concat(variables('hostingPlanName'), '-', resourceGroup().name)]",
      "type": "Microsoft.Insights/autoscalesettings",
      "location": "[resourceGroup().location]",
      "tags": {
        "[concat('hidden-link:', resourceGroup().id, '/providers/Microsoft.Web/serverfarms/', variables('hostingPlanName'))]": "Resource",
        "displayName": "AutoScaleSettings"
      },
      "dependsOn": [
        "[resourceId('Microsoft.Web/serverfarms/', variables('hostingPlanName'))]"
      ],
      "properties": {
        "profiles": [
          {
            "name": "Default",
            "capacity": {
              "minimum": 1,
              "maximum": 2,
              "default": 1
            },
            "rules": [
              {
                "metricTrigger": {
                  "metricName": "CpuPercentage",
                  "metricResourceUri": "[concat(resourceGroup().id, '/providers/Microsoft.Web/serverfarms/', variables('hostingPlanName'))]",
                  "timeGrain": "PT1M",
                  "statistic": "Average",
                  "timeWindow": "PT10M",
                  "timeAggregation": "Average",
                  "operator": "GreaterThan",
                  "threshold": 80.0
                },
                "scaleAction": {
                  "direction": "Increase",
                  "type": "ChangeCount",
                  "value": 1,
                  "cooldown": "PT10M"
                }
              },
              {
                "metricTrigger": {
                  "metricName": "CpuPercentage",
                  "metricResourceUri": "[concat(resourceGroup().id, '/providers/Microsoft.Web/serverfarms/', variables('hostingPlanName'))]",
                  "timeGrain": "PT1M",
                  "statistic": "Average",
                  "timeWindow": "PT1H",
                  "timeAggregation": "Average",
                  "operator": "LessThan",
                  "threshold": 60.0
                },
                "scaleAction": {
                  "direction": "Decrease",
                  "type": "ChangeCount",
                  "value": 1,
                  "cooldown": "PT1H"
                }
              }
            ]
          }
        ],
        "enabled": false,
        "name": "[concat(variables('hostingPlanName'), '-', resourceGroup().name)]",
        "targetResourceUri": "[concat(resourceGroup().id, '/providers/Microsoft.Web/serverfarms/', variables('hostingPlanName'))]"
      }
    },
    {
      "apiVersion": "2014-04-01",
      "name": "[variables('webSiteName')]",
      "type": "Microsoft.Insights/components",
      "location": "East US",
      "dependsOn": [
        "[resourceId('Microsoft.Web/sites/', variables('webSiteName'))]"
      ],
      "tags": {
        "[concat('hidden-link:', resourceGroup().id, '/providers/Microsoft.Web/sites/', variables('webSiteName'))]": "Resource",
        "displayName": "AppInsightsComponent"
      },
      "properties": {
        "applicationId": "[variables('webSiteName')]"
      }
    }
  ]
}